﻿<?xml version="1.0" encoding="utf-8" standalone="no" ?>
<modDesc descVersion="64">
	<author>Az#4971</author>	
    <version>1.0.0.0</version>    
	<title>
        <en>Upgradable Factories</en>
    </title>       
	<description>
        <en><![CDATA[Upgrade your production facilities! With this mod you will be able to increase your production speed and storage, so you no longer need to place multiple factories to speed up your production rates.
Features :
- Production chains now have levels that you can increase.
- Upgrading a factory will cost you slightly more each level than buying a new building, about 5% each level.
- Upgrading cost is vastly compensated by the gain in production speed: doubled at level 2 (plus a bonus of 15%), tripled at level 3 (plus a bonus of 20%)...
- Because you don't have to build a new facility, you save on productions cost.
- The selling price of your production have been updated. It will bring you back 75% of the overall building and upgrading costs.

Note that there is no maximum level, only your money will limit you!
This mod does not yet support multyplayer.
More info <a href="https://github.com/Percedal/FS22_UpgradableFactories">here</a>.
]]></en>
    </description>    
	<iconFilename>icon.dds</iconFilename>
    <multiplayer supported="false"/>	
	<extraSourceFiles>	
		<sourceFile filename="UpgradableFactories.lua" /> 
	</extraSourceFiles>

	<l10n>
        <text name="UpgradableFactories_UPGRADE">
            <en>Upgrade</en>
            <fr>Améliorer</fr>
        </text>
		<text name="UpgradableFactories_UPGRADE_TEXT">
            <en>Upgrade %s to level %d for %s?</en>
            <fr>Améliorer %s au niveau %d pour %s ?</fr>
        </text>
    </l10n>
</modDesc>