<?xml version="1.0" encoding="utf-8" standalone="no" ?>
<GUIProfiles>
    <Presets>
        <Preset name="colorWhite" value="1 1 1 1"/>
        <Preset name="colorGrayHeader" value="0.4 0.4 0.4 1"/>
        <Preset name="colorListHeaderBackground" value="0 0 0 0.35" />
    </Presets>
    <Profile name="ingameMenuUpgradableFactoriesRowCell" extends="baseReference">
        <Value name="textSize" value="18px"/>
        <Value name="textBold" value="false"/>
        <Value name="textUpperCase" value="false"/>
        <Value name="textColor" value="$preset_colorWhite"/>
        <Value name="textAlignment" value="center"/>
        <Value name="textVerticalAlignment" value="middle"/>
    </Profile>
    <Profile name="ingameMenuUpgradableFactoriesHeaderCell" extends="ingameMenuFrameHeaderText" with="anchorMiddleLeft">
        <Value name="textSize" value="20px"/>
        <Value name="textBold" value="false"/>
        <Value name="textUpperCase" value="false"/>
        <Value name="textColor" value="$preset_colorGrayHeader"/>
        <Value name="textAlignment" value="center"/>
        <Value name="textVerticalAlignment" value="middle"/>
    </Profile>
    <Profile name="ingameMenuUpgradableFactoriesRowBackground" extends="emptyPanel" with="anchorBottomLeft">       
    
    </Profile>
    <Profile name="ingameMenuUpgradableFactoriesHeaderBox" extends="emptyPanel" with="anchorTopCenter">
        <Value name="size" value="1000px 50px"/>
        <Value name="alignmentX" value="left"/>
        <Value name="alignmentY" value="middle"/>
        <Value name="imageColor" value="$preset_colorListHeaderBackground"/>
        <Value name="flowDirection" value="horizontal"/>
        <Value name="wrapAround" value="true"/>
        <Value name="lateralFlowSize" value="200px"/>
        <Value name="fitToElements" value="false"/>
        <Value name="autoValidateLayout" value="true"/>
        <Value name="hasFrame" value="false"/>    
    </Profile>    
    <Profile name="ingameMenuUpgradableFactoriesList" extends="ingameMenuContractsList" with="anchorTopCenter">
        <Value name="size" value="1000px 693.09px"/>
        <Value name="position" value="0px -60px"/>
    </Profile>
    <Profile name="ingameMenuUpgradableFactoriesListItem" extends="ingameMenuContractsListItem" with="anchorBottomLeft">
        <Value name="size" value="1000px 40.77px"/>
    </Profile> 
    <Profile name="ingameMenuUpgradableFactoriesListSliderRightDocked" extends="verticalListSliderRightDocked" with="anchorTopCenter">
        <Value name="size" value="12px 693px"/>
        <Value name="position" value="520px -60px"/>
    </Profile> 
</GUIProfiles>