<?xml version="1.0" encoding="utf-8" standalone="no" ?>
<GUI name="ingameMenuUpgradableFactories">
   <GuiElement type="empty" profile="uiInGameMenuFrame">
        <GuiElement type="empty" profile="ingameMenuFrameHeaderPanel">
            <GuiElement type="bitmap" profile="ingameMenuWeatherHeaderIcon" />
            <GuiElement type="text" profile="ingameMenuFrameHeaderText" text="Production chains levels"/>
        </GuiElement>
        <GuiElement type="empty" profile="ingameMenuSettingsBox" id="mainBox">
            <GuiElement type="bitmap" profile="ingameMenuUpgradableFactoriesHeaderBox" id="tableHeaderBox">
                <GuiElement type="text" profile="ingameMenuUpgradableFactoriesHeaderCell" position="0px 0px" size="400px 40.77px" text="Production"/>
                <GuiElement type="text" profile="ingameMenuUpgradableFactoriesHeaderCell" position="400px 0px" size="200px 40.77px" text="Level"/>
                <GuiElement type="text" profile="ingameMenuUpgradableFactoriesHeaderCell" position="600px 0px" size="200px 40.77px" text="Value"/>
                <GuiElement type="text" profile="ingameMenuUpgradableFactoriesHeaderCell" position="800px 0px" size="200px 40.77px" text="Upgrade Cost"/>
            </GuiElement>
            <GuiElement type="smoothList" profile="ingameMenuUpgradableFactoriesList" id="upgradableFactoriesTable" focusInit="onOpen" listSectionHeader="section">
                <GuiElement type="listItem" profile="ingameMenuUpgradableFactoriesListItem" name="fieldCalculatorRowTemplate" >
                    <GuiElement type="bitmap" profile="ingameMenuUpgradableFactoriesRowBackground">
                        <GuiElement type="text" profile="ingameMenuUpgradableFactoriesRowCell" position="0px 0px" size="400px 40.77px" name="factory" />
                        <GuiElement type="text" profile="ingameMenuUpgradableFactoriesRowCell" position="400px 0px" size="200px 40.77px" name="level" />
                        <GuiElement type="text" profile="ingameMenuUpgradableFactoriesRowCell" position="600px 0px" size="200px 40.77px" name="value" />
                        <GuiElement type="text" profile="ingameMenuUpgradableFactoriesRowCell" position="800px 0px" size="200px 40.77px" name="cost" />
                    </GuiElement>
                </GuiElement>
                <GuiElement type="listItem" profile="ingameMenuContractsListCategory" name="section">
                    <GuiElement type="text" profile="ingameMenuContractsListCategoryTitle" text="Contracts Title" name="title"/>
                </GuiElement>
            </GuiElement>
            <GuiElement type="threePartBitmap" profile="ingameMenuUpgradableFactoriesListSliderRightDocked">
                <GuiElement type="slider" profile="verticalListSliderBar" size="6px 685px" dataElementId="upgradableFactoriesTable" id="tableSlider" handleFocus="false" focusInit="onOpen"/>
            </GuiElement>           
        </GuiElement>
    </GuiElement>
</GUI>